{
	facets: [
		{
			className: 'com.liferay.portal.kernel.search.facet.ScopeFacet',
			data: {
				frequencyThreshold: 1,
				maxTerms: 10,
				showAssetCount: true
			},
			displayStyle: 'scopes',
			fieldName: 'groupId',
			label: 'site',
			order: 'OrderHitsDesc',
			static: false,
			weight: 1.6
		},
		{
			className: 'com.liferay.portal.kernel.search.facet.AssetEntriesFacet',
			data: {
				frequencyThreshold: 1,
				values: [
					'com.liferay.portal.model.User',
					'com.liferay.portlet.bookmarks.model.BookmarksEntry',
					'com.liferay.portlet.bookmarks.model.BookmarksFolder',
					'com.liferay.portlet.blogs.model.BlogsEntry',
					'com.liferay.portlet.documentlibrary.model.DLFileEntry',
					'com.liferay.portlet.documentlibrary.model.DLFolder',
					'com.liferay.portlet.journal.model.JournalArticle',
					'com.liferay.portlet.journal.model.JournalFolder',
					'com.liferay.portlet.messageboards.model.MBMessage',
					'com.liferay.portlet.wiki.model.WikiPage',
					'org.liferay.jukebox.model.Song',
					'org.liferay.jukebox.model.Artist',
					'org.liferay.jukebox.model.Album'
				]
			},
			displayStyle: 'asset_entries',
			fieldName: 'entryClassName',
			label: 'asset-type',
			order: 'OrderHitsDesc',
			static: false,
			weight: 1.5
		},
		{
			className: 'com.liferay.portal.kernel.search.facet.MultiValueFacet',
			data: {
				displayStyle: 'list',
				frequencyThreshold: 1,
				maxTerms: 10,
				showAssetCount: true
			},
			displayStyle: 'asset_tags',
			fieldName: 'assetTagNames',
			label: 'tag',
			order: 'OrderHitsDesc',
			static: false,
			weight: 1.4
		},
		{
			className: 'com.liferay.portal.kernel.search.facet.MultiValueFacet',
			data: {
				displayStyle: 'list',
				frequencyThreshold: 1,
				maxTerms: 10,
				showAssetCount: true
			},
			displayStyle: 'asset_tags',
			fieldName: 'assetCategoryTitles',
			label: 'category',
			order: 'OrderHitsDesc',
			static: false,
			weight: 1.3
		},
		{
			className: 'com.liferay.portal.kernel.search.facet.MultiValueFacet',
			data: {
				frequencyThreshold: 1,
				maxTerms: 10,
				showAssetCount: true
			},
			displayStyle: 'folders',
			fieldName: 'folderId',
			label: 'folder',
			order: 'OrderHitsDesc',
			static: false,
			weight: 1.2
		},
		{
			className: 'com.liferay.portal.kernel.search.facet.MultiValueFacet',
			data: {
				frequencyThreshold: 1,
				maxTerms: 10,
				showAssetCount: true
			},
			displayStyle: 'users',
			fieldName: 'userId',
			label: 'user',
			order: 'OrderHitsDesc',
			static: false,
			weight: 1.1
		},
		{
			className: 'com.liferay.portal.kernel.search.facet.ModifiedFacet',
			data: {
				frequencyThreshold: 0,
				ranges: [
					{
						label:'past-hour',
						range:'[past-hour TO *]'
					},
					{
						label:'past-24-hours',
						range:'[past-24-hours TO *]'
					},
					{
						label:'past-week',
						range:'[past-week TO *]'
					},
					{
						label:'past-month',
						range:'[past-month TO *]'
					},
					{
						label:'past-year',
						range:'[past-year TO *]'
					}
				]
			},
			displayStyle: 'modified',
			fieldName: 'modified',
			label: 'modified',
			order: 'OrderHitsDesc',
			static: false,
			weight: 1.0
		},
		{
			"className": "com.liferay.portal.kernel.search.facet.MultiValueFacet",
			"data": {
				"maxTerms": 10,
				"displayStyle": "list",
				"frequencyThreshold": 1,
				"showAssetCount": true
			},
			"displayStyle": "artist",
			"fieldName": "artistId",
			"label": "artist",
			"order": "OrderHitsDesc",
			"static": false,
			"weight": 1.3
		}
	]
}