<?xml version="1.0"?>
<!DOCTYPE liferay-portlet-app PUBLIC "-//Liferay//DTD Portlet Application 6.2.0//EN" "http://www.liferay.com/dtd/liferay-portlet-app_6_2_0.dtd">

<liferay-portlet-app>
	<portlet>
		<portlet-name>artists</portlet-name>
		<icon>/icons/artists.png</icon>
		<configuration-action-class>com.liferay.portal.kernel.portlet.DefaultConfigurationAction</configuration-action-class>
		<indexer-class>org.liferay.jukebox.util.ArtistIndexer</indexer-class>
		<portlet-data-handler-class>org.liferay.jukebox.lar.JukeboxPortletDataHandler</portlet-data-handler-class>
		<template-handler>org.liferay.jukebox.template.ArtistsPortletDisplayTemplateHandler</template-handler>
		<asset-renderer-factory>org.liferay.jukebox.asset.ArtistAssetRendererFactory</asset-renderer-factory>
		<instanceable>false</instanceable>
		<scopeable>true</scopeable>
		<header-portlet-css>/css/jukebox.css</header-portlet-css>
		<header-portlet-css>/css/inlineplayer.css</header-portlet-css>
		<header-portlet-css>/css/flashblock.css</header-portlet-css>
		<header-portlet-javascript>/js/soundmanager2-jsmin.js</header-portlet-javascript>
		<header-portlet-javascript>/js/inlineplayer.js</header-portlet-javascript>
		<footer-portlet-javascript>/js/artists.js</footer-portlet-javascript>
		<footer-portlet-javascript>/js/jukebox_search.js</footer-portlet-javascript>
		<css-class-wrapper>artists-portlet</css-class-wrapper>
	</portlet>
	<portlet>
		<portlet-name>albums</portlet-name>
		<icon>/icons/albums.png</icon>
		<configuration-action-class>com.liferay.portal.kernel.portlet.DefaultConfigurationAction</configuration-action-class>
		<indexer-class>org.liferay.jukebox.util.AlbumIndexer</indexer-class>
		<portlet-data-handler-class>org.liferay.jukebox.lar.JukeboxPortletDataHandler</portlet-data-handler-class>
		<staged-model-data-handler-class>org.liferay.jukebox.lar.AlbumStagedModelDataHandler</staged-model-data-handler-class>
		<staged-model-data-handler-class>org.liferay.jukebox.lar.ArtistStagedModelDataHandler</staged-model-data-handler-class>
		<template-handler>org.liferay.jukebox.template.AlbumsPortletDisplayTemplateHandler</template-handler>
		<asset-renderer-factory>org.liferay.jukebox.asset.AlbumAssetRendererFactory</asset-renderer-factory>
		<instanceable>false</instanceable>
		<scopeable>true</scopeable>
		<header-portlet-css>/css/jukebox.css</header-portlet-css>
		<header-portlet-css>/css/inlineplayer.css</header-portlet-css>
		<header-portlet-css>/css/flashblock.css</header-portlet-css>
		<header-portlet-javascript>/js/soundmanager2-jsmin.js</header-portlet-javascript>
		<header-portlet-javascript>/js/inlineplayer.js</header-portlet-javascript>
		<footer-portlet-javascript>/js/albums.js</footer-portlet-javascript>
		<footer-portlet-javascript>/js/jukebox_search.js</footer-portlet-javascript>
		<css-class-wrapper>albums-portlet</css-class-wrapper>
	</portlet>
	<portlet>
		<portlet-name>songs</portlet-name>
		<icon>/icons/songs.png</icon>
		<configuration-action-class>com.liferay.portal.kernel.portlet.DefaultConfigurationAction</configuration-action-class>
		<indexer-class>org.liferay.jukebox.util.SongIndexer</indexer-class>
		<template-handler>org.liferay.jukebox.template.SongsPortletDisplayTemplateHandler</template-handler>
		<asset-renderer-factory>org.liferay.jukebox.asset.SongAssetRendererFactory</asset-renderer-factory>
		<trash-handler>org.liferay.jukebox.trash.AlbumTrashHandler</trash-handler>
		<trash-handler>org.liferay.jukebox.trash.SongTrashHandler</trash-handler>
		<instanceable>false</instanceable>
		<scopeable>true</scopeable>
		<header-portlet-css>/css/jukebox.css</header-portlet-css>
		<header-portlet-css>/css/inlineplayer.css</header-portlet-css>
		<header-portlet-css>/css/flashblock.css</header-portlet-css>
		<header-portlet-javascript>/js/soundmanager2-jsmin.js</header-portlet-javascript>
		<header-portlet-javascript>/js/inlineplayer.js</header-portlet-javascript>
		<footer-portlet-javascript>/js/songs.js</footer-portlet-javascript>
		<footer-portlet-javascript>/js/jukebox_search.js</footer-portlet-javascript>
		<css-class-wrapper>songs-portlet</css-class-wrapper>
	</portlet>
	<role-mapper>
		<role-name>administrator</role-name>
		<role-link>Administrator</role-link>
	</role-mapper>
	<role-mapper>
		<role-name>guest</role-name>
		<role-link>Guest</role-link>
	</role-mapper>
	<role-mapper>
		<role-name>power-user</role-name>
		<role-link>Power User</role-link>
	</role-mapper>
	<role-mapper>
		<role-name>user</role-name>
		<role-link>User</role-link>
	</role-mapper>
</liferay-portlet-app>