<?xml version="1.0"?>

<portlet-app xmlns="http://java.sun.com/xml/ns/portlet/portlet-app_2_0.xsd" xmlns:xsi="http://www.w3.org/2001/XMLSchema-instance" xsi:schemaLocation="http://java.sun.com/xml/ns/portlet/portlet-app_2_0.xsd http://java.sun.com/xml/ns/portlet/portlet-app_2_0.xsd" version="2.0">
	<portlet>
		<portlet-name>artists</portlet-name>
		<display-name>Artists</display-name>
		<portlet-class>org.liferay.jukebox.portlet.ArtistsPortlet</portlet-class>
		<init-param>
			<name>config-template</name>
			<value>/html/artists/configuration.jsp</value>
		</init-param>
		<init-param>
			<name>view-jsp</name>
			<value>/html/artists/view.jsp</value>
		</init-param>
		<expiration-cache>0</expiration-cache>
		<supports>
			<mime-type>text/html</mime-type>
			<portlet-mode>VIEW</portlet-mode>
		</supports>
		<resource-bundle>content.Language</resource-bundle>
		<portlet-info>
			<title>Artists</title>
			<short-title>Artists</short-title>
			<keywords>Artists</keywords>
		</portlet-info>
		<security-role-ref>
			<role-name>administrator</role-name>
		</security-role-ref>
		<security-role-ref>
			<role-name>guest</role-name>
		</security-role-ref>
		<security-role-ref>
			<role-name>power-user</role-name>
		</security-role-ref>
		<security-role-ref>
			<role-name>user</role-name>
		</security-role-ref>
	</portlet>
	<portlet>
		<portlet-name>albums</portlet-name>
		<display-name>Albums</display-name>
		<portlet-class>org.liferay.jukebox.portlet.AlbumsPortlet</portlet-class>
		<init-param>
			<name>config-template</name>
			<value>/html/albums/configuration.jsp</value>
		</init-param>
		<init-param>
			<name>view-jsp</name>
			<value>/html/albums/view.jsp</value>
		</init-param>
		<expiration-cache>0</expiration-cache>
		<supports>
			<mime-type>text/html</mime-type>
			<portlet-mode>VIEW</portlet-mode>
		</supports>
		<resource-bundle>content.Language</resource-bundle>
		<portlet-info>
			<title>Albums</title>
			<short-title>Albums</short-title>
			<keywords>Albums</keywords>
		</portlet-info>
		<security-role-ref>
			<role-name>administrator</role-name>
		</security-role-ref>
		<security-role-ref>
			<role-name>guest</role-name>
		</security-role-ref>
		<security-role-ref>
			<role-name>power-user</role-name>
		</security-role-ref>
		<security-role-ref>
			<role-name>user</role-name>
		</security-role-ref>
	</portlet>
	<portlet>
		<portlet-name>songs</portlet-name>
		<display-name>Songs</display-name>
		<portlet-class>org.liferay.jukebox.portlet.SongsPortlet</portlet-class>
		<init-param>
			<name>config-template</name>
			<value>/html/songs/configuration.jsp</value>
		</init-param>
		<init-param>
			<name>view-jsp</name>
			<value>/html/songs/view.jsp</value>
		</init-param>
		<expiration-cache>0</expiration-cache>
		<supports>
			<mime-type>text/html</mime-type>
			<portlet-mode>VIEW</portlet-mode>
		</supports>
		<resource-bundle>content.Language</resource-bundle>
		<portlet-info>
			<title>Songs</title>
			<short-title>Songs</short-title>
			<keywords>Songs</keywords>
		</portlet-info>
		<security-role-ref>
			<role-name>administrator</role-name>
		</security-role-ref>
		<security-role-ref>
			<role-name>guest</role-name>
		</security-role-ref>
		<security-role-ref>
			<role-name>power-user</role-name>
		</security-role-ref>
		<security-role-ref>
			<role-name>user</role-name>
		</security-role-ref>
	</portlet>
</portlet-app>