<?xml version="1.0" encoding="UTF-8"?>

<!DOCTYPE service-builder PUBLIC "-//Liferay//DTD Service Builder 6.2.0//EN" "http://www.liferay.com/dtd/liferay-service-builder_6_2_0.dtd">

	<service-builder package-path="org.liferay.jukebox">
	<author>Julio Camarero</author>
	<namespace>jukebox</namespace>
	<entity name="Artist" local-service="true" remote-service="true" uuid="true" trash-enabled="true">

		<!-- Primary key column -->

		<column name="artistId" type="long" primary="true" />

		<!-- Foreign key columns -->

		<column name="companyId" type="long" />
		<column name="groupId" type="long" />
		<column name="userId" type="long" />
		<column name="userName" type="String" />
		<column name="createDate" type="Date" />
		<column name="modifiedDate" type="Date" />
		<column name="status" type="int" />
		<column name="statusByUserId" type="long" />
		<column name="statusByUserName" type="String" />
		<column name="statusDate" type="Date" />

		<!-- Other columns -->

		<column name="name" type="String" />
		<column name="bio" type="String" />

		<!-- Finder Methods Standard -->

		<finder name="GroupId" return-type="Collection">
			<finder-column name="groupId" />
		</finder>
		<finder name="UserId" return-type="Collection">
			<finder-column name="userId" />
		</finder>
		<finder name="CompanyId" return-type="Collection">
			<finder-column name="companyId" />
		</finder>
		<finder name="U_G" return-type="Collection">
			<finder-column name="userId" />
			<finder-column name="groupId" />
		</finder>
		<finder name="G_S" return-type="Collection">
			<finder-column name="groupId" />
			<finder-column name="status" />
		</finder>
		<finder name="G_LikeN_S" return-type="Collection">
			<finder-column name="groupId" />
			<finder-column name="name" case-sensitive="false" comparator="LIKE" />
			<finder-column name="status" />
		</finder>

		<!-- References -->

		<reference package-path="com.liferay.portal" entity="Company" />
		<reference package-path="com.liferay.portal" entity="Group" />
		<reference package-path="com.liferay.portlet.asset" entity="AssetEntry" />
		<reference package-path="com.liferay.portlet.asset" entity="AssetLink" />
		<reference package-path="com.liferay.portlet.expando" entity="ExpandoValue" />
		<reference package-path="com.liferay.portlet.messageboards" entity="MBMessage" />
		<reference package-path="com.liferay.portlet.social" entity="SocialActivity" />
	</entity>
	<entity name="Album" local-service="true" remote-service="true" uuid="true" trash-enabled="true">

		<!-- Primary key column -->

		<column name="albumId" type="long" primary="true" container-model="true" />

		<!-- Foreign key columns -->

		<column name="companyId" type="long" />
		<column name="groupId" type="long" />
		<column name="userId" type="long" />
		<column name="userName" type="String" />
		<column name="createDate" type="Date" />
		<column name="modifiedDate" type="Date" />

		<column name="artistId" type="long" />

		<!-- Other columns -->

		<column name="name" type="String" />
		<column name="year" type="int" />
		<column name="status" type="int" />
		<column name="statusByUserId" type="long" />
		<column name="statusByUserName" type="String" />
		<column name="statusDate" type="Date" />

		<!-- Finder Methods Standard -->

		<finder name="GroupId" return-type="Collection">
			<finder-column name="groupId" />
		</finder>
		<finder name="UserId" return-type="Collection">
			<finder-column name="userId" />
		</finder>
		<finder name="CompanyId" return-type="Collection">
			<finder-column name="companyId" />
		</finder>
		<finder name="ArtistId" return-type="Collection">
			<finder-column name="artistId" />
		</finder>
		<finder name="G_U" return-type="Collection">
			<finder-column name="groupId" />
			<finder-column name="userId" />
		</finder>
		<finder name="G_S" return-type="Collection">
			<finder-column name="groupId" />
			<finder-column name="status" />
		</finder>
		<finder name="G_A_S" return-type="Collection">
			<finder-column name="groupId" />
			<finder-column name="artistId" />
			<finder-column name="status" />
		</finder>
		<finder name="G_LikeN_S" return-type="Collection">
			<finder-column name="groupId" />
			<finder-column name="name" case-sensitive="false" comparator="LIKE" />
			<finder-column name="status" />
		</finder>

		<!-- References -->

		<reference package-path="com.liferay.portal" entity="Company" />
		<reference package-path="com.liferay.portal" entity="Group" />
		<reference package-path="com.liferay.portlet.asset" entity="AssetEntry" />
		<reference package-path="com.liferay.portlet.asset" entity="AssetLink" />
		<reference package-path="com.liferay.portlet.expando" entity="ExpandoValue" />
		<reference package-path="com.liferay.portlet.messageboards" entity="MBMessage" />
		<reference package-path="com.liferay.portlet.social" entity="SocialActivity" />
		<reference package-path="com.liferay.portlet.trash" entity="TrashEntry" />
		<reference package-path="com.liferay.portlet.trash" entity="TrashVersion" />
	</entity>
	<entity name="Song" local-service="true" remote-service="true" uuid="true" trash-enabled="true">

		<!-- Primary key column -->

		<column name="songId" type="long" primary="true" />


		<!-- Foreign key columns -->

		<column name="companyId" type="long" />
		<column name="groupId" type="long" />
		<column name="userId" type="long" />
		<column name="userName" type="String" />
		<column name="createDate" type="Date" />
		<column name="modifiedDate" type="Date" />

		<column name="artistId" type="long" />
		<column name="albumId" type="long" />

		<!-- Other columns -->

		<column name="name" type="String" />
		<column name="status" type="int" />
		<column name="statusByUserId" type="long" />
		<column name="statusByUserName" type="String" />
		<column name="statusDate" type="Date" />

		<!-- Finder Methods Standard -->

		<finder name="GroupId" return-type="Collection">
			<finder-column name="groupId" />
		</finder>
		<finder name="UserId" return-type="Collection">
			<finder-column name="userId" />
		</finder>
		<finder name="CompanyId" return-type="Collection">
			<finder-column name="companyId" />
		</finder>
		<finder name="ArtistId" return-type="Collection">
			<finder-column name="artistId" />
		</finder>
		<finder name="AlbumId" return-type="Collection">
			<finder-column name="albumId" />
		</finder>
		<finder name="G_S" return-type="Collection">
			<finder-column name="groupId" />
			<finder-column name="status" />
		</finder>
		<finder name="G_A" return-type="Collection">
			<finder-column name="groupId" />
			<finder-column name="albumId" />
		</finder>
		<finder name="G_A_S" return-type="Collection">
			<finder-column name="groupId" />
			<finder-column name="albumId" />
			<finder-column name="status" />
		</finder>
		<finder name="G_LikeN_S" return-type="Collection">
			<finder-column name="groupId" />
			<finder-column name="name" case-sensitive="false" comparator="LIKE" />
			<finder-column name="status" />
		</finder>
		<finder name="G_A_A_N" return-type="Song" unique="true">
			<finder-column name="groupId" />
			<finder-column name="artistId" />
			<finder-column name="albumId" />
			<finder-column name="name" />
		</finder>

		<!-- References -->

		<reference package-path="com.liferay.portal" entity="Company" />
		<reference package-path="com.liferay.portal" entity="Group" />
		<reference package-path="com.liferay.portlet.asset" entity="AssetEntry" />
		<reference package-path="com.liferay.portlet.asset" entity="AssetLink" />
		<reference package-path="com.liferay.portlet.expando" entity="ExpandoValue" />
		<reference package-path="com.liferay.portlet.messageboards" entity="MBMessage" />
		<reference package-path="com.liferay.portlet.social" entity="SocialActivity" />
		<reference package-path="com.liferay.portlet.trash" entity="TrashEntry" />
		<reference package-path="com.liferay.portlet.trash" entity="TrashVersion" />
	</entity>
	<exceptions>
		<exception>AlbumName</exception>
		<exception>ArtistName</exception>
		<exception>SongName</exception>
		<exception>DuplicatedSong</exception>
		<exception>DuplicatedArtist</exception>
		<exception>DuplicatedAlbum</exception>
		<exception>NoSuchArtist</exception>
		<exception>NoSuchAlbum</exception>
		<exception>NoSuchSong</exception>
	</exceptions>
</service-builder>