<?xml version="1.0"?>
<!DOCTYPE hibernate-mapping PUBLIC "-//Hibernate/Hibernate Mapping DTD 3.0//EN" "http://hibernate.sourceforge.net/hibernate-mapping-3.0.dtd">

<hibernate-mapping default-lazy="false" auto-import="false">
	<import class="org.liferay.jukebox.model.Album" />
	<import class="org.liferay.jukebox.model.Artist" />
	<import class="org.liferay.jukebox.model.Song" />
	<class name="org.liferay.jukebox.model.impl.AlbumImpl" table="jukebox_Album">
		<cache usage="read-write" />
		<id name="albumId" type="long">
			<generator class="assigned" />
		</id>
		<property name="uuid" type="com.liferay.portal.dao.orm.hibernate.StringType" column="uuid_" />
		<property name="companyId" type="com.liferay.portal.dao.orm.hibernate.LongType" />
		<property name="groupId" type="com.liferay.portal.dao.orm.hibernate.LongType" />
		<property name="userId" type="com.liferay.portal.dao.orm.hibernate.LongType" />
		<property name="userName" type="com.liferay.portal.dao.orm.hibernate.StringType" />
		<property name="createDate" type="org.hibernate.type.TimestampType" />
		<property name="modifiedDate" type="org.hibernate.type.TimestampType" />
		<property name="artistId" type="com.liferay.portal.dao.orm.hibernate.LongType" />
		<property name="name" type="com.liferay.portal.dao.orm.hibernate.StringType" />
		<property name="year" type="com.liferay.portal.dao.orm.hibernate.IntegerType" />
		<property name="status" type="com.liferay.portal.dao.orm.hibernate.IntegerType" />
		<property name="statusByUserId" type="com.liferay.portal.dao.orm.hibernate.LongType" />
		<property name="statusByUserName" type="com.liferay.portal.dao.orm.hibernate.StringType" />
		<property name="statusDate" type="org.hibernate.type.TimestampType" />
	</class>
	<class name="org.liferay.jukebox.model.impl.ArtistImpl" table="jukebox_Artist">
		<cache usage="read-write" />
		<id name="artistId" type="long">
			<generator class="assigned" />
		</id>
		<property name="uuid" type="com.liferay.portal.dao.orm.hibernate.StringType" column="uuid_" />
		<property name="companyId" type="com.liferay.portal.dao.orm.hibernate.LongType" />
		<property name="groupId" type="com.liferay.portal.dao.orm.hibernate.LongType" />
		<property name="userId" type="com.liferay.portal.dao.orm.hibernate.LongType" />
		<property name="userName" type="com.liferay.portal.dao.orm.hibernate.StringType" />
		<property name="createDate" type="org.hibernate.type.TimestampType" />
		<property name="modifiedDate" type="org.hibernate.type.TimestampType" />
		<property name="status" type="com.liferay.portal.dao.orm.hibernate.IntegerType" />
		<property name="statusByUserId" type="com.liferay.portal.dao.orm.hibernate.LongType" />
		<property name="statusByUserName" type="com.liferay.portal.dao.orm.hibernate.StringType" />
		<property name="statusDate" type="org.hibernate.type.TimestampType" />
		<property name="name" type="com.liferay.portal.dao.orm.hibernate.StringType" />
		<property name="bio" type="com.liferay.portal.dao.orm.hibernate.StringType" />
	</class>
	<class name="org.liferay.jukebox.model.impl.SongImpl" table="jukebox_Song">
		<cache usage="read-write" />
		<id name="songId" type="long">
			<generator class="assigned" />
		</id>
		<property name="uuid" type="com.liferay.portal.dao.orm.hibernate.StringType" column="uuid_" />
		<property name="companyId" type="com.liferay.portal.dao.orm.hibernate.LongType" />
		<property name="groupId" type="com.liferay.portal.dao.orm.hibernate.LongType" />
		<property name="userId" type="com.liferay.portal.dao.orm.hibernate.LongType" />
		<property name="userName" type="com.liferay.portal.dao.orm.hibernate.StringType" />
		<property name="createDate" type="org.hibernate.type.TimestampType" />
		<property name="modifiedDate" type="org.hibernate.type.TimestampType" />
		<property name="artistId" type="com.liferay.portal.dao.orm.hibernate.LongType" />
		<property name="albumId" type="com.liferay.portal.dao.orm.hibernate.LongType" />
		<property name="name" type="com.liferay.portal.dao.orm.hibernate.StringType" />
		<property name="status" type="com.liferay.portal.dao.orm.hibernate.IntegerType" />
		<property name="statusByUserId" type="com.liferay.portal.dao.orm.hibernate.LongType" />
		<property name="statusByUserName" type="com.liferay.portal.dao.orm.hibernate.StringType" />
		<property name="statusDate" type="org.hibernate.type.TimestampType" />
	</class>
</hibernate-mapping>