<?xml version="1.0"?>

<model-hints>
	<model name="org.liferay.jukebox.model.Album">
		<field name="uuid" type="String" />
		<field name="albumId" type="long" />
		<field name="companyId" type="long" />
		<field name="groupId" type="long" />
		<field name="userId" type="long" />
		<field name="userName" type="String" />
		<field name="createDate" type="Date" />
		<field name="modifiedDate" type="Date" />
		<field name="artistId" type="long" />
		<field name="name" type="String">
			<validator name="required" />
		</field>
		<field name="year" type="int" />
		<field name="status" type="int" />
		<field name="statusByUserId" type="long" />
		<field name="statusByUserName" type="String" />
		<field name="statusDate" type="Date" />
	</model>
	<model name="org.liferay.jukebox.model.Artist">
		<field name="uuid" type="String" />
		<field name="artistId" type="long" />
		<field name="companyId" type="long" />
		<field name="groupId" type="long" />
		<field name="userId" type="long" />
		<field name="userName" type="String" />
		<field name="createDate" type="Date" />
		<field name="modifiedDate" type="Date" />
		<field name="status" type="int" />
		<field name="statusByUserId" type="long" />
		<field name="statusByUserName" type="String" />
		<field name="statusDate" type="Date" />
		<field name="name" type="String">
			<validator name="required" />
		</field>
		<field name="bio" type="String">
			<hint-collection name="TEXTAREA" />
		</field>
	</model>
	<model name="org.liferay.jukebox.model.Song">
		<field name="uuid" type="String" />
		<field name="songId" type="long" />
		<field name="companyId" type="long" />
		<field name="groupId" type="long" />
		<field name="userId" type="long" />
		<field name="userName" type="String" />
		<field name="createDate" type="Date" />
		<field name="modifiedDate" type="Date" />
		<field name="artistId" type="long" />
		<field name="albumId" type="long" />
		<field name="name" type="String">
			<validator name="required" />
		</field>
		<field name="status" type="int" />
		<field name="statusByUserId" type="long" />
		<field name="statusByUserName" type="String" />
		<field name="statusDate" type="Date" />
	</model>
</model-hints>