<?xml version="1.0"?>

<beans xmlns="http://www.springframework.org/schema/beans" xmlns:xsi="http://www.w3.org/2001/XMLSchema-instance" default-destroy-method="destroy" default-init-method="afterPropertiesSet" xsi:schemaLocation="http://www.springframework.org/schema/beans http://www.springframework.org/schema/beans/spring-beans-3.0.xsd">
	<bean id="org.liferay.jukebox.service.AlbumLocalService" class="org.liferay.jukebox.service.impl.AlbumLocalServiceImpl" />
	<bean id="org.liferay.jukebox.service.AlbumService" class="org.liferay.jukebox.service.impl.AlbumServiceImpl" />
	<bean id="org.liferay.jukebox.service.persistence.AlbumPersistence" class="org.liferay.jukebox.service.persistence.AlbumPersistenceImpl" parent="basePersistence" />
	<bean id="org.liferay.jukebox.service.ArtistLocalService" class="org.liferay.jukebox.service.impl.ArtistLocalServiceImpl" />
	<bean id="org.liferay.jukebox.service.ArtistService" class="org.liferay.jukebox.service.impl.ArtistServiceImpl" />
	<bean id="org.liferay.jukebox.service.persistence.ArtistPersistence" class="org.liferay.jukebox.service.persistence.ArtistPersistenceImpl" parent="basePersistence" />
	<bean id="org.liferay.jukebox.service.SongLocalService" class="org.liferay.jukebox.service.impl.SongLocalServiceImpl" />
	<bean id="org.liferay.jukebox.service.SongService" class="org.liferay.jukebox.service.impl.SongServiceImpl" />
	<bean id="org.liferay.jukebox.service.persistence.SongPersistence" class="org.liferay.jukebox.service.persistence.SongPersistenceImpl" parent="basePersistence" />
</beans>