<?xml version="1.0"?>

<entity-mappings xmlns="http://java.sun.com/xml/ns/persistence/orm" xmlns:xsi="http://www.w3.org/2001/XMLSchema-instance" version="1.0" xsi:schemaLocation="http://java.sun.com/xml/ns/persistence/orm http://java.sun.com/xml/ns/persistence/orm_1_0.xsd">
	<persistence-unit-metadata>
		<xml-mapping-metadata-complete/>
		<persistence-unit-defaults>
			<access>PROPERTY</access>
		</persistence-unit-defaults>
	</persistence-unit-metadata>
	<mapped-superclass class="org.liferay.jukebox.model.impl.AlbumModelImpl">
		<attributes>
			<id name="albumId" />
			<basic name="uuid">
				<column name="UUID_" />
			</basic>
			<basic name="companyId" />
			<basic name="groupId" />
			<basic name="userId" />
			<basic name="userName" />
			<basic name="createDate">
				<temporal>TIMESTAMP</temporal>
			</basic>
			<basic name="modifiedDate">
				<temporal>TIMESTAMP</temporal>
			</basic>
			<basic name="artistId" />
			<basic name="name" />
			<basic name="year" />
			<basic name="status" />
			<basic name="statusByUserId" />
			<basic name="statusByUserName" />
			<basic name="statusDate">
				<temporal>TIMESTAMP</temporal>
			</basic>
			<transient name="containerModelId" />
			<transient name="modelAttributes" />
			<transient name="parentContainerModelId" />
			<transient name="primaryKey" />
			<transient name="primaryKeyObj" />
			<transient name="statusByUserUuid" />
			<transient name="userUuid" />
		</attributes>
	</mapped-superclass>
	<mapped-superclass class="org.liferay.jukebox.model.impl.ArtistModelImpl">
		<attributes>
			<id name="artistId" />
			<basic name="uuid">
				<column name="UUID_" />
			</basic>
			<basic name="companyId" />
			<basic name="groupId" />
			<basic name="userId" />
			<basic name="userName" />
			<basic name="createDate">
				<temporal>TIMESTAMP</temporal>
			</basic>
			<basic name="modifiedDate">
				<temporal>TIMESTAMP</temporal>
			</basic>
			<basic name="status" />
			<basic name="statusByUserId" />
			<basic name="statusByUserName" />
			<basic name="statusDate">
				<temporal>TIMESTAMP</temporal>
			</basic>
			<basic name="name" />
			<basic name="bio" />
			<transient name="modelAttributes" />
			<transient name="primaryKey" />
			<transient name="primaryKeyObj" />
			<transient name="statusByUserUuid" />
			<transient name="userUuid" />
		</attributes>
	</mapped-superclass>
	<mapped-superclass class="org.liferay.jukebox.model.impl.SongModelImpl">
		<attributes>
			<id name="songId" />
			<basic name="uuid">
				<column name="UUID_" />
			</basic>
			<basic name="companyId" />
			<basic name="groupId" />
			<basic name="userId" />
			<basic name="userName" />
			<basic name="createDate">
				<temporal>TIMESTAMP</temporal>
			</basic>
			<basic name="modifiedDate">
				<temporal>TIMESTAMP</temporal>
			</basic>
			<basic name="artistId" />
			<basic name="albumId" />
			<basic name="name" />
			<basic name="status" />
			<basic name="statusByUserId" />
			<basic name="statusByUserName" />
			<basic name="statusDate">
				<temporal>TIMESTAMP</temporal>
			</basic>
			<transient name="modelAttributes" />
			<transient name="primaryKey" />
			<transient name="primaryKeyObj" />
			<transient name="statusByUserUuid" />
			<transient name="userUuid" />
		</attributes>
	</mapped-superclass>
	<entity class="org.liferay.jukebox.model.impl.AlbumImpl" name="Album">
		<table name="jukebox_Album" />
		<attributes />
	</entity>
	<entity class="org.liferay.jukebox.model.impl.ArtistImpl" name="Artist">
		<table name="jukebox_Artist" />
		<attributes />
	</entity>
	<entity class="org.liferay.jukebox.model.impl.SongImpl" name="Song">
		<table name="jukebox_Song" />
		<attributes />
	</entity>
</entity-mappings>