<?xml version="1.0"?>
<!DOCTYPE resource-action-mapping PUBLIC "-//Liferay//DTD Resource Action Mapping 6.2.0//EN" "http://www.liferay.com/dtd/liferay-resource-action-mapping_6_2_0.dtd">

<resource-action-mapping>
	<portlet-resource>
		<portlet-name>artists</portlet-name>
		<permissions>
			<supports>
				<action-key>ADD_PORTLET_DISPLAY_TEMPLATE</action-key>
				<action-key>CONFIGURATION</action-key>
				<action-key>VIEW</action-key>
			</supports>
			<site-member-defaults>
				<action-key>VIEW</action-key>
			</site-member-defaults>
			<guest-defaults>
				<action-key>VIEW</action-key>
			</guest-defaults>
			<guest-unsupported>
				<action-key>ADD_PORTLET_DISPLAY_TEMPLATE</action-key>
				<action-key>CONFIGURATION</action-key>
			</guest-unsupported>
		</permissions>
	</portlet-resource>
	<portlet-resource>
		<portlet-name>albums</portlet-name>
		<permissions>
			<supports>
				<action-key>ADD_PORTLET_DISPLAY_TEMPLATE</action-key>
				<action-key>CONFIGURATION</action-key>
				<action-key>VIEW</action-key>
			</supports>
			<site-member-defaults>
				<action-key>VIEW</action-key>
			</site-member-defaults>
			<guest-defaults>
				<action-key>VIEW</action-key>
			</guest-defaults>
			<guest-unsupported>
				<action-key>ADD_PORTLET_DISPLAY_TEMPLATE</action-key>
				<action-key>CONFIGURATION</action-key>
			</guest-unsupported>
		</permissions>
	</portlet-resource>
	<portlet-resource>
		<portlet-name>songs</portlet-name>
		<permissions>
			<supports>
				<action-key>ADD_PORTLET_DISPLAY_TEMPLATE</action-key>
				<action-key>CONFIGURATION</action-key>
				<action-key>VIEW</action-key>
			</supports>
			<site-member-defaults>
				<action-key>VIEW</action-key>
			</site-member-defaults>
			<guest-defaults>
				<action-key>VIEW</action-key>
			</guest-defaults>
			<guest-unsupported>
				<action-key>ADD_PORTLET_DISPLAY_TEMPLATE</action-key>
				<action-key>CONFIGURATION</action-key>
			</guest-unsupported>
		</permissions>
	</portlet-resource>
	<model-resource>
		<model-name>org.liferay.jukebox.model</model-name>
		<portlet-ref>
			<portlet-name>songs</portlet-name>
		</portlet-ref>
		<permissions>
			<supports>
				<action-key>ADD_ARTIST</action-key>
				<action-key>ADD_ALBUM</action-key>
				<action-key>ADD_SONG</action-key>
				<action-key>PERMISSIONS</action-key>
			</supports>
			<site-member-defaults/>
			<guest-defaults/>
			<guest-unsupported>
				<action-key>ADD_ALBUMS</action-key>
				<action-key>ADD_SONGS</action-key>
				<action-key>PERMISSIONS</action-key>
			</guest-unsupported>
		</permissions>
	</model-resource>
	<model-resource>
		<model-name>org.liferay.jukebox.model.Artist</model-name>
		<portlet-ref>
			<portlet-name>artists</portlet-name>
		</portlet-ref>
		<permissions>
			<supports>
				<action-key>DELETE</action-key>
				<action-key>PERMISSIONS</action-key>
				<action-key>UPDATE</action-key>
				<action-key>VIEW</action-key>
			</supports>
			<site-member-defaults>
				<action-key>DELETE</action-key>
				<action-key>UPDATE</action-key>
				<action-key>VIEW</action-key>
			</site-member-defaults>
			<guest-defaults>
				<action-key>VIEW</action-key>
			</guest-defaults>
			<guest-unsupported>
				<action-key>PERMISSIONS</action-key>
			</guest-unsupported>
		</permissions>
	</model-resource>
	<model-resource>
		<model-name>org.liferay.jukebox.model.Album</model-name>
		<portlet-ref>
			<portlet-name>albums</portlet-name>
		</portlet-ref>
		<permissions>
			<supports>
				<action-key>DELETE</action-key>
				<action-key>PERMISSIONS</action-key>
				<action-key>UPDATE</action-key>
				<action-key>VIEW</action-key>
			</supports>
			<site-member-defaults>
				<action-key>DELETE</action-key>
				<action-key>UPDATE</action-key>
				<action-key>VIEW</action-key>
			</site-member-defaults>
			<guest-defaults>
				<action-key>VIEW</action-key>
			</guest-defaults>
			<guest-unsupported>
				<action-key>PERMISSIONS</action-key>
			</guest-unsupported>
		</permissions>
	</model-resource>
	<model-resource>
		<model-name>org.liferay.jukebox.model.Song</model-name>
		<portlet-ref>
			<portlet-name>songs</portlet-name>
		</portlet-ref>
		<permissions>
			<supports>
				<action-key>DELETE</action-key>
				<action-key>PERMISSIONS</action-key>
				<action-key>UPDATE</action-key>
				<action-key>VIEW</action-key>
			</supports>
			<site-member-defaults>
				<action-key>DELETE</action-key>
				<action-key>UPDATE</action-key>
				<action-key>VIEW</action-key>
			</site-member-defaults>
			<guest-defaults>
				<action-key>VIEW</action-key>
			</guest-defaults>
			<guest-unsupported>
				<action-key>PERMISSIONS</action-key>
			</guest-unsupported>
		</permissions>
	</model-resource>
</resource-action-mapping>